INSERT INTO AUTOPISTA (id, nombre, longitud_km) VALUES
('A1', 'Autopista del Norte', 250.5),
('A2', 'Ruta del Sol', 180.0),
('A3', 'Vía Central', 320.7),
('A4', 'Corredor Pacífico', 410.3),
('A5', 'Autopista Andes', 290.8),
('A6', 'Interurbana Sur', 150.2),
('A7', 'Ruta del Valle', 98.4),
('A8', 'Camino Real', 365.1),
('A9', 'Gran Ruta Este', 271.3),
('A10', 'Autopista del Desierto', 600.0),
('A11', 'Ruta Costera', 432.7),
('A12', 'Corredor Austral', 501.6),
('A13', 'Autopista Metrop', 75.0),
('A14', 'Ruta del Mar', 125.4),
('A15', 'Ruta Cordillerana', 309.6),
('A16', 'Carretera Nacional 1', 780.8),
('A17', 'La Panamericana', 1320.2),
('A18', 'Ruta del Parque', 55.0),
('A19', 'Ruta Campo Norte', 204.9),
('A20', 'Vía Centro-Sur', 333.2);

INSERT INTO CIUDAD (id, nombre, poblacion) VALUES
('C1', 'Ciudad Norte', 120000),
('C2', 'Villa Sol', 85000),
('C3', 'Puerto Azul', 200000),
('C4', 'San Marcos', 95000),
('C5', 'Nueva Esperanza', 145000),
('C6', 'Río Claro', 50000),
('C7', 'Altavista', 110000),
('C8', 'Valleverde', 72000),
('C9', 'Santa Clara', 160000),
('C10', 'Porto Sur', 180000),
('C11', 'El Mirador', 65000),
('C12', 'Costa Linda', 230000),
('C13', 'Trinidad', 44000),
('C14', 'San Pedro', 154000),
('C15', 'Nueva Aurora', 90000),
('C16', 'Cumbre', 30000),
('C17', 'Laguna Azul', 56000),
('C18', 'Ciudad Jardín', 134000),
('C19', 'Puerto Rojo', 78000),
('C20', 'Valle Escondido', 41000);

INSERT INTO AUTOPISTA_CIUDAD (id_autopista, id_ciudad) VALUES
('A1', 'C1'),
('A2', 'C2'),
('A3', 'C3'),
('A4', 'C4'),
('A5', 'C5'),
('A6', 'C6'),
('A7', 'C7'),
('A8', 'C8'),
('A9', 'C9'),
('A10', 'C10'),
('A11', 'C11'),
('A12', 'C12'),
('A13', 'C13'),
('A14', 'C14'),
('A15', 'C15'),
('A16', 'C16'),
('A17', 'C17'),
('A18', 'C18'),
('A19', 'C19'),
('A20', 'C20');

INSERT INTO PEAJE (id, id_autopista, tarifa) VALUES
(1, 'A1', 1500),
(2, 'A2', 1800),
(3, 'A3', 2100),
(4, 'A4', 2500),
(5, 'A5', 1600),
(6, 'A6', 1300),
(7, 'A7', 1200),
(8, 'A8', 2200),
(9, 'A9', 2000),
(10, 'A10', 3000),
(11, 'A11', 2500),
(12, 'A12', 2700),
(13, 'A13', 1100),
(14, 'A14', 1700),
(15, 'A15', 1900),
(16, 'A16', 3200),
(17, 'A17', 3500),
(18, 'A18', 900),
(19, 'A19', 1400),
(20, 'A20', 2300);

INSERT INTO CONDUCTOR (rut, nombre, apellido) VALUES
('11111111-1', 'Carlos', 'Pérez'),
('22222222-2', 'Ana', 'López'),
('33333333-3', 'Miguel', 'Torres'),
('44444444-4', 'Laura', 'Muñoz'),
('55555555-5', 'Diego', 'Rojas'),
('66666666-6', 'Sofía', 'Vargas'),
('77777777-7', 'Jorge', 'Gómez'),
('88888888-8', 'Lucía', 'Flores'),
('99999999-9', 'Pedro', 'Navarro'),
('10101010-1', 'Gabriela', 'Soto'),
('12121212-2', 'Martín', 'Silva'),
('13131313-3', 'Elena', 'Fuentes'),
('14141414-4', 'Tomás', 'Cáceres'),
('15151515-5', 'Isabel', 'Peña'),
('16161616-6', 'Marcelo', 'Reyes'),
('17171717-7', 'Valentina', 'Campos'),
('18181818-8', 'Sebastián', 'Romero'),
('19191919-9', 'Camila', 'Herrera'),
('20202020-0', 'Ricardo', 'Molina'),
('21212121-1', 'Fernanda', 'Gallardo');

INSERT INTO LICENCIA (id, rut_conductor, fecha_vencimiento) VALUES
('L1', '11111111-1', '2028-05-10'),
('L2', '22222222-2', '2027-09-15'),
('L3', '33333333-3', '2029-01-01'),
('L4', '44444444-4', '2026-07-20'),
('L5', '55555555-5', '2030-12-31'),
('L6', '66666666-6', '2028-03-03'),
('L7', '77777777-7', '2029-11-11'),
('L8', '88888888-8', '2027-04-22'),
('L9', '99999999-9', '2026-08-08'),
('L10', '10101010-1', '2031-10-10'),
('L11', '12121212-2', '2028-12-18'),
('L12', '13131313-3', '2029-09-09'),
('L13', '14141414-4', '2030-06-06'),
('L14', '15151515-5', '2027-01-05'),
('L15', '16161616-6', '2028-02-14'),
('L16', '17171717-7', '2027-12-24'),
('L17', '18181818-8', '2029-07-30'),
('L18', '19191919-9', '2032-02-02'),
('L19', '20202020-0', '2029-09-19'),
('L20', '21212121-1', '2030-04-04');

INSERT INTO VEHICULO (patente, modelo, fabricacion, rut_conductor) VALUES
('AA1111', 'Yaris', 2018, '11111111-1'),
('BB2222', 'Corolla', 2020, '22222222-2'),
('CC3333', 'Hilux', 2019, '33333333-3'),
('DD4444', 'Onix', 2021, '44444444-4'),
('EE5555', 'Cruze', 2017, '55555555-5'),
('FF6666', 'Civic', 2016, '66666666-6'),
('GG7777', 'Fit', 2018, '77777777-7'),
('HH8888', 'Gol', 2015, '88888888-8'),
('II9999', 'Tiggo', 2022, '99999999-9'),
('JJ1010', 'Spark', 2014, '10101010-1'),
('KK1111', 'RAV4', 2021, '12121212-2'),
('LL1212', 'Mazda3', 2020, '13131313-3'),
('MM1313', 'Tucson', 2019, '14141414-4'),
('NN1414', 'Duster', 2017, '15151515-5'),
('OO1515', 'Kona', 2022, '16161616-6'),
('PP1616', 'Sentra', 2018, '17171717-7'),
('QQ1717', 'Rio', 2016, '18181818-8'),
('RR1818', 'Jetta', 2019, '19191919-9'),
('SS1919', 'Compass', 2023, '20202020-0'),
('TT2020', 'Astra', 2017, '21212121-1');

INSERT INTO PASE (id_transaccion, patente_vehiculo, id_peaje, fecha, hora, tarifa) VALUES
('T0001', 'AA1111', 1, '2025-10-20', '08:10:00', 1500),
('T0002', 'BB2222', 2, '2025-10-20', '09:30:00', 1800),
('T0003', 'CC3333', 3, '2025-10-21', '10:45:00', 2100),
('T0004', 'DD4444', 4, '2025-10-21', '07:15:00', 2500),
('T0005', 'EE5555', 5, '2025-10-22', '11:20:00', 1600),
('T0006', 'FF6666', 6, '2025-10-22', '14:50:00', 1300),
('T0007', 'GG7777', 7, '2025-10-23', '16:05:00', 1200),
('T0008', 'HH8888', 8, '2025-10-23', '18:30:00', 2200),
('T0009', 'II9999', 9, '2025-10-24', '12:40:00', 2000),
('T0010', 'JJ1010', 10, '2025-10-24', '13:25:00', 3000),
('T0011', 'KK1111', 11, '2025-10-25', '09:55:00', 2500),
('T0012', 'LL1212', 12, '2025-10-25', '06:45:00', 2700),
('T0013', 'MM1313', 13, '2025-10-26', '07:00:00', 1100),
('T0014', 'NN1414', 14, '2025-10-26', '08:35:00', 1700),
('T0015', 'OO1515', 15, '2025-10-27', '19:10:00', 1900),
('T0016', 'PP1616', 16, '2025-10-27', '20:15:00', 3200),
('T0017', 'QQ1717', 17, '2025-10-28', '21:00:00', 3500),
('T0018', 'RR1818', 18, '2025-10-28', '22:20:00', 900),
('T0019', 'SS1919', 19, '2025-10-29', '14:40:00', 1400),
('T0020', 'TT2020', 20, '2025-10-29', '15:55:00', 2300),
('T0021', 'AA1111', 3, '2025-11-01', '09:12:00', 2100),
('T0022', 'BB2222', 6, '2025-11-01', '10:30:00', 1300),
('T0023', 'CC3333', 12, '2025-11-01', '11:45:00', 2700),
('T0024', 'DD4444', 18, '2025-11-01', '13:15:00', 900),
('T0025', 'EE5555', 2, '2025-11-02', '07:25:00', 1800),
('T0026', 'FF6666', 8, '2025-11-02', '08:50:00', 2200),
('T0027', 'GG7777', 9, '2025-11-02', '15:20:00', 2000),
('T0028', 'HH8888', 14, '2025-11-02', '17:10:00', 1700),
('T0029', 'II9999', 10, '2025-11-02', '18:33:00', 3000),
('T0030', 'JJ1010', 19, '2025-11-03', '19:50:00', 1400),
('T0031', 'KK1111', 7, '2025-11-03', '20:05:00', 1200),
('T0032', 'LL1212', 1, '2025-11-03', '21:26:00', 1500),
('T0033', 'MM1313', 4, '2025-11-04', '06:42:00', 2500),
('T0034', 'NN1414', 11, '2025-11-04', '08:00:00', 2500),
('T0035', 'OO1515', 13, '2025-11-04', '09:55:00', 1100),
('T0036', 'PP1616', 15, '2025-11-04', '10:40:00', 1900),
('T0037', 'QQ1717', 5, '2025-11-05', '14:05:00', 1600),
('T0038', 'RR1818', 16, '2025-11-05', '16:20:00', 3200),
('T0039', 'SS1919', 17, '2025-11-05', '18:14:00', 3500),
('T0040', 'TT2020', 20, '2025-11-05', '22:55:00', 2300),
('T0041', 'AA1111', 2, '2025-11-06', '07:14:00', 1800),
('T0042', 'BB2222', 3, '2025-11-06', '09:01:00', 2100),
('T0043', 'CC3333', 4, '2025-11-06', '10:47:00', 2500),
('T0044', 'DD4444', 6, '2025-11-06', '12:55:00', 1300),
('T0045', 'EE5555', 7, '2025-11-07', '14:10:00', 1200),
('T0046', 'FF6666', 8, '2025-11-07', '15:49:00', 2200),
('T0047', 'GG7777', 9, '2025-11-07', '17:11:00', 2000),
('T0048', 'HH8888', 10, '2025-11-07', '18:22:00', 3000),
('T0049', 'II9999', 11, '2025-11-08', '19:33:00', 2500),
('T0050', 'JJ1010', 12, '2025-11-08', '21:59:00', 2700),
('T0051', 'KK1111', 13, '2025-11-08', '22:30:00', 1100),
('T0052', 'LL1212', 14, '2025-11-09', '08:44:00', 1700),
('T0053', 'MM1313', 15, '2025-11-09', '09:45:00', 1900),
('T0054', 'NN1414', 16, '2025-11-09', '11:20:00', 3200),
('T0055', 'OO1515', 17, '2025-11-09', '13:05:00', 3500),
('T0056', 'PP1616', 18, '2025-11-09', '14:44:00', 900),
('T0057', 'QQ1717', 19, '2025-11-10', '16:02:00', 1400),
('T0058', 'RR1818', 20, '2025-11-10', '17:33:00', 2300),
('T0059', 'SS1919', 1, '2025-11-10', '18:45:00', 1500),
('T0060', 'TT2020', 5, '2025-11-10', '19:55:00', 1600),
('T0061', 'AA1111', 2, '2025-11-11', '07:05:00', 1800),
('T0062', 'BB2222', 3, '2025-11-11', '07:50:00', 2100),
('T0063', 'CC3333', 4, '2025-11-11', '09:46:00', 2500),
('T0064', 'DD4444', 6, '2025-11-11', '11:25:00', 1300),
('T0065', 'EE5555', 7, '2025-11-11', '12:30:00', 1200),
('T0066', 'FF6666', 8, '2025-11-12', '14:07:00', 2200),
('T0067', 'GG7777', 9, '2025-11-12', '15:40:00', 2000),
('T0068', 'HH8888', 10, '2025-11-12', '17:50:00', 3000),
('T0069', 'II9999', 11, '2025-11-12', '18:30:00', 2500),
('T0070', 'JJ1010', 12, '2025-11-13', '20:18:00', 2700),
('T0071', 'KK1111', 13, '2025-11-13', '21:22:00', 1100),
('T0072', 'LL1212', 14, '2025-11-13', '22:58:00', 1700),
('T0073', 'MM1313', 15, '2025-11-13', '23:50:00', 1900),
('T0074', 'NN1414', 16, '2025-11-14', '07:14:00', 3200),
('T0075', 'OO1515', 17, '2025-11-14', '09:28:00', 3500),
('T0076', 'PP1616', 18, '2025-11-14', '10:37:00', 900),
('T0077', 'QQ1717', 19, '2025-11-14', '12:30:00', 1400),
('T0078', 'RR1818', 20, '2025-11-14', '13:55:00', 2300),
('T0079', 'SS1919', 1, '2025-11-15', '15:47:00', 1500),
('T0080', 'TT2020', 5, '2025-11-15', '16:55:00', 1600),
('T0081', 'AA1111', 3, '2025-11-16', '06:30:00', 2100),
('T0082', 'BB2222', 6, '2025-11-16', '07:48:00', 1300),
('T0083', 'CC3333', 12, '2025-11-16', '09:19:00', 2700),
('T0084', 'DD4444', 18, '2025-11-16', '10:45:00', 900),
('T0085', 'EE5555', 2, '2025-11-17', '07:55:00', 1800),
('T0086', 'FF6666', 8, '2025-11-17', '08:30:00', 2200),
('T0087', 'GG7777', 9, '2025-11-17', '15:44:00', 2000),
('T0088', 'HH8888', 14, '2025-11-17', '17:28:00', 1700),
('T0089', 'II9999', 10, '2025-11-18', '18:40:00', 3000),
('T0090', 'JJ1010', 19, '2025-11-18', '20:44:00', 1400),
('T0091', 'KK1111', 7, '2025-11-18', '21:30:00', 1200),
('T0092', 'LL1212', 1, '2025-11-18', '22:45:00', 1500),
('T0093', 'MM1313', 4, '2025-11-19', '06:25:00', 2500),
('T0094', 'NN1414', 11, '2025-11-19', '07:55:00', 2500),
('T0095', 'OO1515', 13, '2025-11-19', '09:40:00', 1100),
('T0096', 'PP1616', 15, '2025-11-20', '10:19:00', 1900),
('T0097', 'QQ1717', 5, '2025-11-20', '11:10:00', 1600),
('T0098', 'RR1818', 16, '2025-11-20', '12:47:00', 3200),
('T0099', 'SS1919', 17, '2025-11-21', '14:33:00', 3500),
('T0100', 'TT2020', 20, '2025-11-21', '15:15:00', 2300),
('T0101', 'AA1111', 2, '2025-11-22', '07:10:00', 1800),
('T0102', 'BB2222', 3, '2025-11-22', '08:36:00', 2100),
('T0103', 'CC3333', 4, '2025-11-22', '09:55:00', 2500),
('T0104', 'DD4444', 6, '2025-11-23', '10:49:00', 1300),
('T0105', 'EE5555', 7, '2025-11-23', '12:12:00', 1200),
('T0106', 'FF6666', 8, '2025-11-23', '14:10:00', 2200),
('T0107', 'GG7777', 9, '2025-11-23', '15:39:00', 2000),
('T0108', 'HH8888', 10, '2025-11-24', '17:58:00', 3000),
('T0109', 'II9999', 11, '2025-11-24', '19:14:00', 2500),
('T0110', 'JJ1010', 12, '2025-11-24', '21:50:00', 2700),
('T0111', 'KK1111', 13, '2025-11-25', '22:39:00', 1100),
('T0112', 'LL1212', 14, '2025-11-25', '23:21:00', 1700),
('T0113', 'MM1313', 15, '2025-11-26', '07:53:00', 1900),
('T0114', 'NN1414', 16, '2025-11-26', '08:44:00', 3200),
('T0115', 'OO1515', 17, '2025-11-26', '09:59:00', 3500),
('T0116', 'PP1616', 18, '2025-11-26', '10:48:00', 900),
('T0117', 'QQ1717', 19, '2025-11-27', '12:02:00', 1400),
('T0118', 'RR1818', 20, '2025-11-27', '13:40:00', 2300),
('T0119', 'SS1919', 1, '2025-11-27', '15:20:00', 1500),
('T0120', 'TT2020', 5, '2025-11-28', '16:45:00', 1600);
